"#";"Url";"SEMrush backlinks";"SEMrush subdomain backlinks";"Bing index";"Alexa rank";"SEMrush Rank";"SEMrush advertiser display ads";"SEMrush publisher display ads"
"1";"https://seanwes.com/2015/how-to-show-up-every-day/";"32";"63089";"4,270 ";"wait...";"1114947";"0";"0"
"2";"https://seanwes.com/2019/if-you-want-to-start-something-new-do-it/";"0";"63089";"4,270 ";"wait...";"1114947";"0";"0"
"3";"https://seanwes.com/2019/when-you-are-clear-on-your-vision/";"2";"63089";"4,270 ";"wait...";"1114947";"0";"0"
"4";"https://seanwes.com/2020/seans-content-creation-flywheel/";"47";"63089";"4,270 ";"wait...";"1114947";"0";"0"
"5";"https://seanwes.com/2019/writing-100000-words-in-a-day/";"46";"63089";"4,270 ";"wait...";"1114947";"0";"0"
"6";"https://seanwes.com/2019/you-dont-know-how-much-you-need-rest/";"0";"63089";"4,270 ";"wait...";"1114947";"0";"0"
"7";"https://seanwes.com/2019/write-about-what-excites-you/";"0";"63089";"4,270 ";"wait...";"1114947";"0";"0"
"8";"https://seanwes.com/2019/sometimes-the-most-productive-thing-you-can-do-is-take-a-break/";"1";"63089";"4,270 ";"wait...";"1114947";"0";"0"
"9";"https://seanwes.com/2019/be-a-beginner-again/";"wait...";"63089";"4,270 ";"wait...";"1114947";"0";"0"
"10";"https://seanwes.com/2019/when-life-gives-you-struggles/";"wait...";"63089";"4,270 ";"wait...";"1114947";"0";"0"
"11";"https://seanwes.com/2019/waiting-to-talk/";"wait...";"63089";"4,270 ";"wait...";"1114947";"0";"0"
"12";"https://seanwes.com/one-free-sample/";"0";"63089";"4,270 ";"wait...";"1114947";"0";"0"
"13";"https://seanwes.com/2019/write-to-find-out-what-you-have-to-say/";"wait...";"63089";"4,270 ";"wait...";"1114947";"0";"0"
"14";"https://seanwes.com/2019/repeat-the-last-six-months/";"wait...";"63089";"4,270 ";"wait...";"1114947";"0";"0"
"15";"https://seanwes.com/2019/get-excited/";"wait...";"63089";"4,270 ";"wait...";"1114947";"0";"0"
"16";"https://seanwes.com/2019/surprise-and-delight/";"wait...";"63089";"4,270 ";"wait...";"1114947";"0";"0"
"17";"https://seanwes.com/2019/be-a-beacon-of-hope/";"wait...";"63089";"4,270 ";"wait...";"1114947";"0";"0"
"18";"https://seanwes.com/2019/you-are-not-a-failure/";"wait...";"63089";"4,270 ";"wait...";"1114947";"0";"0"
"19";"https://seanwes.com/2019/choose-one-goal/";"wait...";"63089";"4,270 ";"wait...";"1114947";"0";"0"
"20";"https://seanwes.com/2019/teach-what-you-know-as-you-go/";"wait...";"63089";"4,270 ";"wait...";"1114947";"0";"0"
"21";"https://seanwes.com/2019/persistence-is-a-habit/";"wait...";"63089";"4,270 ";"wait...";"1114947";"0";"0"
"22";"https://seanwes.com/2019/things-take-as-long-as-the-amount-of-time-you-give-them/";"wait...";"63089";"4,270 ";"wait...";"1114947";"0";"0"
"23";"https://seanwes.com/2019/not-everything-has-to-be-perfect-2/";"wait...";"63089";"4,270 ";"wait...";"1114947";"0";"0"
"24";"https://seanwes.com/2012/people-matter-blog/";"wait...";"63089";"4,270 ";"wait...";"1114947";"0";"0"
"25";"https://seanwes.com/2019/happier-people-with-less/";"wait...";"63089";"4,270 ";"wait...";"1114947";"0";"0"
"26";"https://seanwes.com/2019/you-dont-lack-time-you-lack-clarity/";"wait...";"63089";"4,270 ";"wait...";"1114947";"0";"0"
"27";"https://seanwes.com/2019/community-is-better-than-competition/";"wait...";"63089";"4,270 ";"wait...";"1114947";"0";"0"
"28";"https://seanwes.com/2019/choose-consistency-over-perfection/";"wait...";"63089";"4,270 ";"wait...";"1114947";"0";"0"
"29";"https://seanwes.com/2019/true-generosity/";"wait...";"63089";"4,270 ";"wait...";"1114947";"0";"0"
"30";"https://seanwes.com/2019/greatness-formula/";"wait...";"63089";"4,270 ";"wait...";"1114947";"0";"0"
"31";"https://seanwes.com/2019/celebrate-small-wins/";"wait...";"63089";"4,270 ";"wait...";"1114947";"0";"0"
"32";"https://seanwes.com/2019/confidence-starts-with-courage/";"wait...";"63089";"4,270 ";"wait...";"1114947";"0";"0"
"33";"https://seanwes.com/2019/courage-is-not-the-absence-of-fear/";"wait...";"63089";"4,270 ";"wait...";"1114947";"0";"0"
"34";"https://seanwes.com/2019/youll-only-improve-by-doing/";"wait...";"63089";"4,270 ";"wait...";"1114947";"0";"0"
"35";"https://seanwes.com/2014/why-does-my-day-job-need-to-be-in-a-different-industry/";"wait...";"63089";"4,270 ";"wait...";"1114947";"0";"0"
"36";"https://seanwes.com/2019/stop-trying-to-be-unique-and-start-trying-to-be-authentic/";"wait...";"63089";"4,270 ";"wait...";"1114947";"0";"0"
"37";"https://seanwes.com/2019/lag-measures-vs-lead-measures/";"wait...";"63089";"4,270 ";"wait...";"1114947";"0";"0"
"38";"https://seanwes.com/2019/i-tried-to-write-100000-words-in-a-day-and-failed-spectacularly/";"wait...";"63089";"4,270 ";"wait...";"1114947";"0";"0"
"39";"https://seanwes.com/2019/treat-people-as-if-they-are-the-person-they-could-be/";"wait...";"63089";"4,270 ";"wait...";"1114947";"0";"0"
"40";"https://seanwes.com/2019/likes-dont-determine-your-worth/";"wait...";"63089";"4,270 ";"wait...";"1114947";"0";"0"
"41";"https://seanwes.com/2019/dont-deflect-compliments/";"wait...";"63089";"4,270 ";"wait...";"1114947";"0";"0"
"42";"https://seanwes.com/2019/action-turns-information-into-knowledge/";"wait...";"63089";"4,270 ";"wait...";"1114947";"0";"0"
"43";"https://seanwes.com/2013/rolleiflex/";"wait...";"63089";"4,270 ";"wait...";"1114947";"0";"0"
"44";"https://seanwes.com/2015/how-to-respond-to-the-can-i-pick-your-brain-question/";"wait...";"63089";"4,270 ";"wait...";"1114947";"0";"0"
"45";"https://seanwes.com/2014/i-am-happy-now/";"wait...";"63089";"4,270 ";"wait...";"1114947";"0";"0"
"46";"https://seanwes.com/2018/five-habit-tracker-free-printable-pdf/";"wait...";"63089";"4,270 ";"wait...";"1114947";"0";"0"
"47";"https://seanwes.com/2019/fall-in-love-with-the-process-and-the-results-will-come/";"wait...";"63089";"4,270 ";"wait...";"1114947";"0";"0"
"48";"https://seanwes.com/2019/embrace-discomfort/";"wait...";"63089";"4,270 ";"wait...";"1114947";"0";"0"
"49";"https://seanwes.com/2019/perfectionism-is-ego/";"wait...";"63089";"4,270 ";"wait...";"1114947";"0";"0"
"50";"https://seanwes.com/2015/evening-office-lighting/";"wait...";"63089";"4,270 ";"wait...";"1114947";"0";"0"
"51";"https://seanwes.com/2014/freeloaders-the-relationship-marketing-caveat/";"wait...";"63089";"4,270 ";"wait...";"1114947";"0";"0"
"52";"https://seanwes.com/2018/10x-growth-conference-2018-speaker-notes/";"wait...";"63089";"4,270 ";"wait...";"1114947";"0";"0"
"53";"https://seanwes.com/2014/where-does-motivation-come-from/";"wait...";"63089";"4,270 ";"wait...";"1114947";"0";"0"
"54";"https://seanwes.com/2012/beyond-the-first-idea/";"wait...";"63089";"4,270 ";"wait...";"1114947";"0";"0"